	tcr_id	pmhc_id	epitope	species	mhc	va	ja	cdr3a	vb	jb	cdr3b	mhc_class	binding	complex	uuid
0	2P5E	2P5E	SLLMWITQC	Homo sapiens (human)	HLA-A*02:01	TRAV21*01	TRAJ6*01	AVRPLLDGTYIPT	TRBV6-5*01	TRBJ2-2*01	ASSYLGNTGELF	1	1	('AVRPLLDGTYIPT', 'ASSYLGNTGELF', 'SLLMWITQC')	77a1145a-683e-4a95-91da-00f4c71abfe7
1	2P5W	2P5W	SLLMWITQC	Homo sapiens (human)	HLA-A*02:01	TRAV21*01	TRAJ6*01	AVRPLLDGTYIPT	TRBV6-5*01	TRBJ2-2*01	ASSYLGNTGELF	1	1	('AVRPLLDGTYIPT', 'ASSYLGNTGELF', 'SLLMWITQC')	2ecc291b-847f-4b78-8896-2388364c06f7
2	2PYE	2PYE	SLLMWITQC	Homo sapiens (human)	HLA-A*02:01	TRAV21*01	TRAJ6*01	AVRPLLDGTYIPT	TRBV6-5*01	TRBJ2-2*01	ASSYLGNTGELF	1	1	('AVRPLLDGTYIPT', 'ASSYLGNTGELF', 'SLLMWITQC')	4223e5b0-6a5b-4065-bda4-1d14a03e6d84
3	5HHO	5HHO	GILEFVFTL	Homo sapiens (human)	HLA-A*02:01	TRAV27*01	TRAJ42*01	AGAGSQGNLI	TRBV19*01	TRBJ2-7*01	ASSIRSSYEQY	1	1	('AGAGSQGNLI', 'ASSIRSSYEQY', 'GILEFVFTL')	0378545b-6d88-45bb-b6e2-feafd294b168
4	5E9D	5E9D	ELAGIGILTV	Homo sapiens (human)	HLA-A*02:01	TRAV12-2*01	TRAJ24*02	AVTKYSWGKLQ	TRBV6-5*01	TRBJ2-7*01	ASRPGWMAGGVELY	1	1	('AVTKYSWGKLQ', 'ASRPGWMAGGVELY', 'ELAGIGILTV')	d557567a-18a5-42f1-8626-af173eca8ae3
5	4JFD	4JFD	ELAAIGILTV	Homo sapiens (human)	HLA-A*02:01	TRAV12-2*01	TRAJ27*01	AVNDGGRLT	TRBV30*02	TRBJ2-2*01	AWSETGLGMGGWQ	1	1	('AVNDGGRLT', 'AWSETGLGMGGWQ', 'ELAAIGILTV')	af9dac11-9054-4c5b-97d7-8e989c1adbd5
6	4JFF	4JFF	ELAGIGILTV	Homo sapiens (human)	HLA-A*02:01	TRAV12-2*01	TRAJ27*01	AVNDGGRLT	TRBV30*02	TRBJ2-2*01	AWSETGLGMGGWQ	1	1	('AVNDGGRLT', 'AWSETGLGMGGWQ', 'ELAGIGILTV')	8fc14063-bd70-4245-bcc5-da76f58bfb3c
7	4JFE	4JFE	ELAGIGALTV	Homo sapiens (human)	HLA-A*02:01	TRAV12-2*01	TRAJ27*01	AVNDGGRLT	TRBV30*02	TRBJ2-2*01	AWSETGLGMGGWQ	1	1	('AVNDGGRLT', 'AWSETGLGMGGWQ', 'ELAGIGALTV')	e688f00a-bec1-4c5a-b58c-5f28e071c247
8	4JRX	4JRX	LPEPLPQGQLTAY	Homo sapiens (human)	HLA-B*35:08	TRAV19*01	TRAJ34*01	ALSGFYNTDKLI	TRBV6-1*01	TRBJ1-1*01	ASPGETEAF	1	1	('ALSGFYNTDKLI', 'ASPGETEAF', 'LPEPLPQGQLTAY')	da10794a-3e3d-4fbc-8e94-e3c08b24e5b5
9	4JRY	4JRY	LPEPLPQGQLTAY	Homo sapiens (human)	HLA-B*35:08	TRAV39*01	TRAJ33*01	AVGGGSNYQLI	TRBV5-6*01	TRBJ2-7*01	ASSRTGSTYEQY	1	1	('AVGGGSNYQLI', 'ASSRTGSTYEQY', 'LPEPLPQGQLTAY')	b2fbcbd9-652b-4a60-8965-46306478567d
10	3QEQ	3QEQ	AAGIGILTV	Homo sapiens (human)	HLA-A*02:01	TRAV35*01	TRAJ49*01	AGGTGNQFY	TRBV10-3*01	TRBJ1-5*01	AISEVGVGQPQH	1	1	('AGGTGNQFY', 'AISEVGVGQPQH', 'AAGIGILTV')	8ad501d2-0e0f-4c79-848a-79a831b8e531
11	3QDM	3QDM	ELAGIGILTV	Homo sapiens (human)	HLA-A*02:01	TRAV35*01	TRAJ49*01	AGGTGNQFY	TRBV10-3*01	TRBJ1-5*01	AISEVGVGQPQH	1	1	('AGGTGNQFY', 'AISEVGVGQPQH', 'ELAGIGILTV')	fb66b629-7877-49d2-aa28-4412604b9cdc
12	4FTV	4FTV	LLFGYPVYV	Homo sapiens Caucasian	HLA-A*02:01	TRAV12-2*01	TRAJ24*02	AVTTDSWGKLQ	TRBV6-5*01	TRBJ2-7*01	ASRPGLMSAQPEQY	1	1	('AVTTDSWGKLQ', 'ASRPGLMSAQPEQY', 'LLFGYPVYV')	15d480f0-a622-4657-aca1-bce4989c51b1
13	2F54	2F54	SLLMWITQC	Homo sapiens (human)	HLA-A*02:01	TRAV21*01	TRAJ6*01	AVRPTSGGSYIPT	TRBV6-5*01	TRBJ2-2*01	ASSYVGNTGELF	1	1	('AVRPTSGGSYIPT', 'ASSYVGNTGELF', 'SLLMWITQC')	48617433-6318-4ea3-85aa-2892a373f391
14	2F54	2F54	SLLMWITQC	Homo sapiens (human)	HLA-A*02:01	TRAV21*01	TRAJ6*01	AVRPTSGGSYIPT	TRBV6-5*01	TRBJ2-2*01	ASSYVGNTGELF	1	1	('AVRPTSGGSYIPT', 'ASSYVGNTGELF', 'SLLMWITQC')	0ebe003f-1a82-4f51-a20b-bc035cc56a2c
15	2BNQ	2BNQ	SLLMWITQV	Homo sapiens (human)	HLA-A*02:01	TRAV21*01	TRAJ6*01	AVRPTSGGSYIPT	TRBV6-5*01	TRBJ2-2*01	ASSYVGNTGELF	1	1	('AVRPTSGGSYIPT', 'ASSYVGNTGELF', 'SLLMWITQV')	0275c1d3-ff4a-444e-b001-8919b6adf6be
16	2BNR	2BNR	SLLMWITQC	Homo sapiens (human)	HLA-A*02:01	TRAV21*01	TRAJ6*01	AVRPTSGGSYIPT	TRBV6-5*01	TRBJ2-2*01	ASSYVGNTGELF	1	1	('AVRPTSGGSYIPT', 'ASSYVGNTGELF', 'SLLMWITQC')	d17debf3-a02d-4bed-b8c0-2c49312c2c76
17	2F53	2F53	SLLMWITQC	Homo sapiens (human)	HLA-A*02:01	TRAV21*01	TRAJ6*01	AVRPTSGGSYIPT	TRBV6-5*01	TRBJ2-2*01	ASSYVGNTGELF	1	1	('AVRPTSGGSYIPT', 'ASSYVGNTGELF', 'SLLMWITQC')	7955f3e6-5990-4f35-859d-ff5ba6a6f602
18	1MI5	1MI5	FLRGRAYGL	Homo sapiens (human)	HLA-B*08:01	TRAV26-2*01	TRAJ52*01	ILPLAGGTSYGKLT	TRBV7-8*01	TRBJ2-7*01	ASSLGQAYEQY	1	1	('ILPLAGGTSYGKLT', 'ASSLGQAYEQY', 'FLRGRAYGL')	b1015e49-33e7-46af-9f85-34ecf44e808c
19	5NMG	5NMG	SLFNTIAVL	Homo sapiens (human)	HLA-A*02:01	TRAV12-2*01	TRAJ41*01	AVRTNSGYALN	TRBV5-6*01	TRBJ2-7*01	ASSDTVSYEQY	1	1	('AVRTNSGYALN', 'ASSDTVSYEQY', 'SLFNTIAVL')	e361f959-f71a-4555-872c-cc4fb48633ea
20	5NME	5NME	SLYNTVATL	Homo sapiens (human)	HLA-A*02:01	TRAV12-2*01	TRAJ41*01	AVRTNSGYALN	TRBV5-6*01	TRBJ2-7*01	ASSDTVSYEQY	1	1	('AVRTNSGYALN', 'ASSDTVSYEQY', 'SLYNTVATL')	54a2997c-8b67-48c2-929c-3d86170816fb
21	5NMF	5NMF	SLYNTIATL	Homo sapiens (human)	HLA-A*02:01	TRAV12-2*01	TRAJ41*01	AVRTNSGYALN	TRBV5-6*01	TRBJ2-7*01	ASSDTVSYEQY	1	1	('AVRTNSGYALN', 'ASSDTVSYEQY', 'SLYNTIATL')	4bd3fb14-6792-49f9-b44e-051202c7a6a3
22	4MJI	4MJI	TAFTIPSI	Homo sapiens (human)	HLA-B*51:01	TRAV17*01	TRAJ22*01	ATDDDSARQLT	TRBV7-3*01	TRBJ2-2*01	ASSLTGGGELF	1	1	('ATDDDSARQLT', 'ASSLTGGGELF', 'TAFTIPSI')	4868cac5-d213-4879-914a-fc8395ce7d56
23	2AK4	2AK4	LPEPLPQGQLTAY	Homo sapiens (human)	HLA-B*35:08	TRAV19*01	TRAJ34*01	ALSGFYNTDKLI	TRBV6-1*01	TRBJ2-7*01	ASPGLAGEYEQY	1	1	('ALSGFYNTDKLI', 'ASPGLAGEYEQY', 'LPEPLPQGQLTAY')	c587a415-3b6f-4403-b6c3-3ec5a872b8cd
24	3MV8	3MV8	HPVGEADYFEY	Homo sapiens (human)	HLA-B*35:01	TRAV20*01	TRAJ18*01	AVQDLGTSGSRLT	TRBV9*02	TRBJ2-2*01	ASSARSGELF	1	1	('AVQDLGTSGSRLT', 'ASSARSGELF', 'HPVGEADYFEY')	8875206d-b6cf-46eb-a415-e58e70aba100
25	4PRI	4PRI	HPVGEADYFEY	Homo sapiens (human)	HLA-B*35:08	TRAV20*01	TRAJ18*01	AVQDLGTSGSRLT	TRBV9*01	TRBJ2-2*01	ASSARSGELF	1	1	('AVQDLGTSGSRLT', 'ASSARSGELF', 'HPVGEADYFEY')	141017d3-57b7-4710-b0e9-37b78f21e3ff
26	4PRH	4PRH	HPVGDADYFEY	Homo sapiens (human)	HLA-B*35:08	TRAV20*01	TRAJ18*01	AVQDLGTSGSRLT	TRBV9*01	TRBJ2-2*01	ASSARSGELF	1	1	('AVQDLGTSGSRLT', 'ASSARSGELF', 'HPVGDADYFEY')	8969ec8b-4a59-4a07-86e8-6a004108baf3
27	3MV9	3MV9	HPVGEADYFEY	Homo sapiens (human)	HLA-B*35:01	TRAV20*01	TRAJ18*01	AVQDLGTSGSRLT	TRBV9*01	TRBJ2-2*01	ASSARSGELF	1	1	('AVQDLGTSGSRLT', 'ASSARSGELF', 'HPVGEADYFEY')	1d1ee480-9f07-496f-ac13-c86e8186dea0
28	3MV7	3MV7	HPVGEADYFEY	Homo sapiens Caucasian	HLA-B*35:01	TRAV20*01	TRAJ18*01	AVQDLGTSGSRLT	TRBV9*01	TRBJ2-2*01	ASSARSGELF	1	1	('AVQDLGTSGSRLT', 'ASSARSGELF', 'HPVGEADYFEY')	6924cbed-0a3e-43bf-8fd7-1f29b6df82b8
29	4PRP	4PRP	HPVGQADYFEY	Homo sapiens (human)	HLA-B*35:01	TRAV20*01	TRAJ18*01	AVQDLGTSGSRLT	TRBV9*01	TRBJ2-2*01	ASSARSGELF	1	1	('AVQDLGTSGSRLT', 'ASSARSGELF', 'HPVGQADYFEY')	abafaf5e-69fb-40c1-a5b9-fce8408117a7
30	5MEN	5MEN	ILAKFLHWL	Homo sapiens (human)	HLA-A*02:01	TRAV22*01	TRAJ40*01	AVDSATSGTYKYI	TRBV6-5*01	TRBJ1-1*01	ASSYQGTEAF	1	1	('AVDSATSGTYKYI', 'ASSYQGTEAF', 'ILAKFLHWL')	6336c165-5093-42ac-a98d-a346f4d25ad7
31	2NX5	2NX5	EPLPQGQLTAY	Homo sapiens (human)	HLA-B*35:01	TRAV1-2*01	TRAJ6*01	AVQASGGSYIPT	TRBV10-3*01	TRBJ1-5*01	ATGTGDSNQPQH	1	1	('AVQASGGSYIPT', 'ATGTGDSNQPQH', 'EPLPQGQLTAY')	9409b025-5095-4075-b6da-6e592cefba00
32	5D2N	5D2N	NLVPMVATV	Homo sapiens (human)	HLA-A*02:01	TRAV26-2*01	TRAJ43*01	ILDNNNDMR	TRBV7-6*01	TRBJ1-4*01	ASSLAPGTTNEKLF	1	1	('ILDNNNDMR', 'ASSLAPGTTNEKLF', 'NLVPMVATV')	fd8c9046-fd71-42c7-a3d1-60c9ddf62daf
33	4L3E	4L3E	ELAGIGILTV	Homo sapiens (human)	HLA-A*02:01	TRAV12-2*01	TRAJ23*01	AVNFGGGKLI	TRBV6-4*01	TRBJ1-1*01	ASSWSFGTEAF	1	1	('AVNFGGGKLI', 'ASSWSFGTEAF', 'ELAGIGILTV')	80b6e310-f7bf-4a10-a390-9e254786b3d2
34	2J8U	2J8U	ALWGFFPVL	Mus musculus C57BL/6	HLA-A*02:01 K66A mutant	TRAV12D-2*01	TRAJ50*01	ALFLASSSFSKLV	TRBV13-3*01	TRBJ2-7*01	ASSDWVSYEQY	1	1	('ALFLASSSFSKLV', 'ASSDWVSYEQY', 'ALWGFFPVL')	64a326ea-8d66-4c74-bace-09cef812846e
35	2JCC	2JCC	ALWGFFPVL	Mus musculus C57BL/6	HLA-A*02:01 W167A mutant	TRAV12D-2*01	TRAJ50*01	ALFLASSSFSKLV	TRBV13-3*01	TRBJ2-7*01	ASSDWVSYEQY	1	1	('ALFLASSSFSKLV', 'ASSDWVSYEQY', 'ALWGFFPVL')	a06e58cd-a661-4658-9e79-7fff97e044cd
36	2UWE	2UWE	ALWGFFPVL	Mus musculus C57BL/6	HLA-A*02:01 T163A mutant	TRAV12D-2*01	TRAJ50*01	ALFLASSSFSKLV	TRBV13-3*01	TRBJ2-7*01	ASSDWVSYEQY	1	1	('ALFLASSSFSKLV', 'ASSDWVSYEQY', 'ALWGFFPVL')	ca797eb0-e0c1-44f3-ba5b-c68d625c425b
37	1LP9	1LP9	ALWGFFPVL	Mus musculus HLA-A*0201 Tg	HLA-A*02:01	TRAV12D-2*01	TRAJ50*01	ALFLASSSFSKLV	TRBV13-3*01	TRBJ2-7*01	ASSDWVSYEQY	1	1	('ALFLASSSFSKLV', 'ASSDWVSYEQY', 'ALWGFFPVL')	6b4ff2e4-2428-4d35-9f16-98c97e84f474
38	5BRZ	5BRZ	EVDPIGHLY	Homo sapiens (human)	HLA-A*01:01	TRAV21*01	TRAJ28*01	AVRPGGAGPFFVV	TRBV5-1*01	TRBJ2-7*01	ASSFNMATGQY	1	1	('AVRPGGAGPFFVV', 'ASSFNMATGQY', 'EVDPIGHLY')	c6573d8d-c461-4f90-906b-952f6ffebb66
39	5BS0	5BS0	ESDPIVAQY	Homo sapiens (human)	HLA-A*01:01	TRAV21*01	TRAJ28*01	AVRPGGAGPFFVV	TRBV5-1*01	TRBJ2-7*01	ASSFNMATGQY	1	1	('AVRPGGAGPFFVV', 'ASSFNMATGQY', 'ESDPIVAQY')	2f44a794-7253-42aa-8e4d-3b4c4914a53a
40	3KPS	3KPS	EEYLQAFTY	Homo sapiens (human)	HLA-B*44:05	TRAV26-2*01	TRAJ52*01	ILPLAGGTSYGKLT	TRBV7-8*01	TRBJ2-7*01	ASSLGQAYEQY	1	1	('ILPLAGGTSYGKLT', 'ASSLGQAYEQY', 'EEYLQAFTY')	a766801a-16cf-4276-a3db-a2fead4e7772
41	3KPR	3KPR	EEYLKAWTF	Homo sapiens (human)	HLA-B*44:05	TRAV26-2*01	TRAJ52*01	ILPLAGGTSYGKLT	TRBV7-8*01	TRBJ2-7*01	ASSLGQAYEQY	1	1	('ILPLAGGTSYGKLT', 'ASSLGQAYEQY', 'EEYLKAWTF')	3a7738ec-29d5-4fc4-9786-344861e2b711
42	1QRN	1QRN	LLFGYAVYV	Homo sapiens (human)	HLA-A*02:01	TRAV12-2*01	TRAJ24*02	AVTTDSWGKLQ	TRBV6-5*01	TRBJ2-7*01	ASRPGLAGGRPEQY	1	1	('AVTTDSWGKLQ', 'ASRPGLAGGRPEQY', 'LLFGYAVYV')	7074b3be-26b2-4e5f-9b21-d47eb449b6d5
43	1QSF	1QSF	LLFGYPVAV	Homo sapiens (human)	HLA-A*02:01	TRAV12-2*01	TRAJ24*02	AVTTDSWGKLQ	TRBV6-5*01	TRBJ2-7*01	ASRPGLAGGRPEQY	1	1	('AVTTDSWGKLQ', 'ASRPGLAGGRPEQY', 'LLFGYPVAV')	5ee6a7c4-c1fa-40dc-9a6b-32d1c655498a
44	3VXR	3VXR	RYPLTFGWCF	Homo sapiens (human)	HLA-A*24:02	TRAV21*01	TRAJ12*01	AVRMDSSYKLI	TRBV7-9*01	TRBJ2-2*01	ASSSWDTGELF	1	1	('AVRMDSSYKLI', 'ASSSWDTGELF', 'RYPLTFGWCF')	97b0a6c7-ad62-428b-9fe2-ebf1d6c09382
45	3VXS	3VXS	RYPLTLGWCF	Homo sapiens (human)	HLA-A*24:02	TRAV21*01	TRAJ12*01	AVRMDSSYKLI	TRBV7-9*01	TRBJ2-2*01	ASSSWDTGELF	1	1	('AVRMDSSYKLI', 'ASSSWDTGELF', 'RYPLTLGWCF')	980d3035-4005-4b23-95b8-ae00557ba19b
46	3W0W	3W0W	RFPLTFGWCF	Homo sapiens (human)	HLA-A*24:02	TRAV12-2*01	TRAJ23*01	GTYNQGGKLI	TRBV27*01	TRBJ2-7*01	ASSGASHEQY	1	1	('GTYNQGGKLI', 'ASSGASHEQY', 'RFPLTFGWCF')	2499eb71-bbe2-48e1-9704-a14f021c3c60
47	3VXU	3VXU	RFPLTFGWCF	Homo sapiens (human)	HLA-A*24:02	TRAV12-2*01	TRAJ23*01	GTYNQGGKLI	TRBV27*01	TRBJ2-7*01	ASSGASHEQY	1	1	('GTYNQGGKLI', 'ASSGASHEQY', 'RFPLTFGWCF')	c2413b8b-ab16-4d42-af87-67ad1e332733
48	3HG1	3HG1	ELAGIGILTV	Homo sapiens (human)	HLA-A*02:01	TRAV12-2*01	TRAJ27*01	AVNVAGKST	TRBV30*02	TRBJ2-2*01	AWSETGLGTGELF	1	1	('AVNVAGKST', 'AWSETGLGTGELF', 'ELAGIGILTV')	d01ad35c-c688-4a35-b723-ce999f75efeb
49	4QOK	4QOK	EAAGIGILTV	Homo sapiens (human)	HLA-A*02:01	TRAV12-2*01	TRAJ27*01	AVNVAGKST	TRBV30*02	TRBJ2-2*01	AWSETGLGTGELF	1	1	('AVNVAGKST', 'AWSETGLGTGELF', 'EAAGIGILTV')	e656dab0-26ef-4eac-9e2d-12c684ff1c89
50	5WKF	5WKF	GTSGSPIVNR	Homo sapiens (human)	HLA-A*11:01	TRAV30*01	TRAJ39*01	GLGDAGNMLT	TRBV11-2*01	TRBJ1-2*01	ASSLGQGLLYGYT	1	1	('GLGDAGNMLT', 'ASSLGQGLLYGYT', 'GTSGSPIVNR')	2b9bd026-b410-40ca-9d0f-3f3fca236f06
51	5EU6	5EU6	YLEPGPVTV	Homo sapiens (human)	HLA-A*02:01	TRAV21*01	TRAJ53*01	AVLSSGGSNYKLT	TRBV7-3*01	TRBJ2-3*01	ASSFIGGTDTQY	1	1	('AVLSSGGSNYKLT', 'ASSFIGGTDTQY', 'YLEPGPVTV')	52d08b67-7aba-4bbc-a3d0-267bd734e3ff
52	3GSN	3GSN	NLVPMVATV	Homo sapiens (human)	HLA-A*02:01	TRAV24*01	TRAJ49*01	ARNTGNQFY	TRBV6-5*01	TRBJ1-2*01	ASSPVTGGIYGYT	1	1	('ARNTGNQFY', 'ASSPVTGGIYGYT', 'NLVPMVATV')	7e09f4fb-61bd-4ea5-ba0e-a511a08da278
53	6AVF	6AVF	APRGPHGGAASGL	Homo sapiens (human)	HLA-B*07:02	TRAV4*01	TRAJ21*01	LVGEILDNFNKFY	TRBV28*01	TRBJ2-3*01	ASSQRQEGDTQY	1	1	('LVGEILDNFNKFY', 'ASSQRQEGDTQY', 'APRGPHGGAASGL')	2de3fc9b-dd54-45fb-b61f-965eb09b6682
54	3QDG	3QDG	ELAGIGILTV	Homo sapiens (human)	HLA-A*02:01	TRAV12-2*01	TRAJ23*01	AVNFGGGKLI	TRBV6-4*01	TRBJ1-1*01	ASSLSFGTEAF	1	1	('AVNFGGGKLI', 'ASSLSFGTEAF', 'ELAGIGILTV')	63642ddc-9b72-4c4d-8e1b-85865821c0da
55	3QDJ	3QDJ	AAGIGILTV	Homo sapiens (human)	HLA-A*02:01	TRAV12-2*01	TRAJ23*01	AVNFGGGKLI	TRBV6-4*01	TRBJ1-1*01	ASSLSFGTEAF	1	1	('AVNFGGGKLI', 'ASSLSFGTEAF', 'AAGIGILTV')	4619cac1-a361-438b-9d7c-eac2386790e7
56	5EUO	5EUO	GILGFVFTL	Homo sapiens (human)	HLA-A*02:01	TRAV27*01	TRAJ42*01	AGAIGPSNTGKLI	TRBV19*01	TRBJ2-7*01	ASSIRSSYEQY	1	1	('AGAIGPSNTGKLI', 'ASSIRSSYEQY', 'GILGFVFTL')	c53b03d0-495a-4213-905a-250d6ad8fe69
57	4QRR	4QRR	IPSINVHHY	Homo sapiens (human)	HLA-B*35:01	TRBV5-1*01	TRBJ2-1*01	ASSLEGGYYNEQF	TRDV1*01	TRDJ1*01	ALGELAGAGGTSYGKLT	1	1	('ASSLEGGYYNEQF', 'ALGELAGAGGTSYGKLT', 'IPSINVHHY')	63939b36-ff52-4e1b-931c-16f66ed3590b
58	6AVG	6AVG	APRGPHGGAASGL	Homo sapiens (human)	HLA-B*07:02	TRAV4*01	TRAJ8*01	LVVDQKLV	TRBV9*01	TRBJ2-1*01	ASSGGHTGSNEQF	1	1	('LVVDQKLV', 'ASSGGHTGSNEQF', 'APRGPHGGAASGL')	feeffcd3-2262-457d-b13c-c33fba2cd915
59	5ISZ	5ISZ	GILGFVFTL	Homo sapiens (human)	HLA-A*02:01	TRAV24*01	TRAJ27*01	AFDTNAGKST	TRBV19*01	TRBJ2-7*01	ASSIFGQREQY	1	1	('AFDTNAGKST', 'ASSIFGQREQY', 'GILGFVFTL')	7aba377b-7d3c-4ff8-a3b8-798d8531b06b
60	4FTV	2P5E	SLLMWITQC	Homo sapiens Caucasian	HLA-A*02:01	TRAV12-2*01	TRAJ24*02	AVTTDSWGKLQ	TRBV6-5*01	TRBJ2-7*01	ASRPGLMSAQPEQY	1	0	('AVTTDSWGKLQ', 'ASRPGLMSAQPEQY', 'LLFGYPVYV')	acfadaa8-742b-432d-84b2-2fa8f259545e
61	3QDG	2P5W	SLLMWITQC	Homo sapiens (human)	HLA-A*02:01	TRAV12-2*01	TRAJ23*01	AVNFGGGKLI	TRBV6-4*01	TRBJ1-1*01	ASSLSFGTEAF	1	0	('AVNFGGGKLI', 'ASSLSFGTEAF', 'ELAGIGILTV')	3bd0c183-5811-4195-8c16-329ec247b642
62	3VXR	2PYE	SLLMWITQC	Homo sapiens (human)	HLA-A*02:01	TRAV21*01	TRAJ12*01	AVRMDSSYKLI	TRBV7-9*01	TRBJ2-2*01	ASSSWDTGELF	1	0	('AVRMDSSYKLI', 'ASSSWDTGELF', 'RYPLTFGWCF')	a538100a-ad79-42c3-8c0f-6928fad8dba8
63	3HG1	5HHO	GILEFVFTL	Homo sapiens (human)	HLA-A*02:01	TRAV12-2*01	TRAJ27*01	AVNVAGKST	TRBV30*02	TRBJ2-2*01	AWSETGLGTGELF	1	0	('AVNVAGKST', 'AWSETGLGTGELF', 'ELAGIGILTV')	88a73d0d-d4c8-463b-ad77-c437a6a1707b
64	5EUO	5E9D	ELAGIGILTV	Homo sapiens (human)	HLA-A*02:01	TRAV27*01	TRAJ42*01	AGAIGPSNTGKLI	TRBV19*01	TRBJ2-7*01	ASSIRSSYEQY	1	0	('AGAIGPSNTGKLI', 'ASSIRSSYEQY', 'GILGFVFTL')	1576b151-6806-4e78-b160-a39cec378329
65	4QRR	4JFD	ELAAIGILTV	Homo sapiens (human)	HLA-A*02:01	TRBV5-1*01	TRBJ2-1*01	ASSLEGGYYNEQF	TRDV1*01	TRDJ1*01	ALGELAGAGGTSYGKLT	1	0	('ASSLEGGYYNEQF', 'ALGELAGAGGTSYGKLT', 'IPSINVHHY')	eae7a892-6983-4e9a-8324-f3db53c0e7f0
66	5BS0	4JFF	ELAGIGILTV	Homo sapiens (human)	HLA-A*02:01	TRAV21*01	TRAJ28*01	AVRPGGAGPFFVV	TRBV5-1*01	TRBJ2-7*01	ASSFNMATGQY	1	0	('AVRPGGAGPFFVV', 'ASSFNMATGQY', 'ESDPIVAQY')	296033db-8c55-427e-874b-c6db972feb6f
67	3GSN	4JFE	ELAGIGALTV	Homo sapiens (human)	HLA-A*02:01	TRAV24*01	TRAJ49*01	ARNTGNQFY	TRBV6-5*01	TRBJ1-2*01	ASSPVTGGIYGYT	1	0	('ARNTGNQFY', 'ASSPVTGGIYGYT', 'NLVPMVATV')	f4be0b73-a345-4f4b-a821-66b3fc3fa594
68	4JFF	4JRX	LPEPLPQGQLTAY	Homo sapiens (human)	HLA-B*35:08	TRAV12-2*01	TRAJ27*01	AVNDGGRLT	TRBV30*02	TRBJ2-2*01	AWSETGLGMGGWQ	1	0	('AVNDGGRLT', 'AWSETGLGMGGWQ', 'ELAGIGILTV')	d7554cf5-e2eb-4d32-82b6-7639a031a1d6
69	2F53	4JRY	LPEPLPQGQLTAY	Homo sapiens (human)	HLA-B*35:08	TRAV21*01	TRAJ6*01	AVRPTSGGSYIPT	TRBV6-5*01	TRBJ2-2*01	ASSYVGNTGELF	1	0	('AVRPTSGGSYIPT', 'ASSYVGNTGELF', 'SLLMWITQC')	303320c4-47f4-46ab-8e0a-a792e2323cd0
70	4JFE	3QEQ	AAGIGILTV	Homo sapiens (human)	HLA-A*02:01	TRAV12-2*01	TRAJ27*01	AVNDGGRLT	TRBV30*02	TRBJ2-2*01	AWSETGLGMGGWQ	1	0	('AVNDGGRLT', 'AWSETGLGMGGWQ', 'ELAGIGALTV')	518db8dc-2cdd-4761-b07b-c9a10f156a3a
71	5WKF	3QDM	ELAGIGILTV	Homo sapiens (human)	HLA-A*02:01	TRAV30*01	TRAJ39*01	GLGDAGNMLT	TRBV11-2*01	TRBJ1-2*01	ASSLGQGLLYGYT	1	0	('GLGDAGNMLT', 'ASSLGQGLLYGYT', 'GTSGSPIVNR')	e1cef6fd-ff5b-4d7c-8fbb-ba6a440a4e9d
72	4JFF	4FTV	LLFGYPVYV	Homo sapiens (human)	HLA-A*02:01	TRAV12-2*01	TRAJ27*01	AVNDGGRLT	TRBV30*02	TRBJ2-2*01	AWSETGLGMGGWQ	1	0	('AVNDGGRLT', 'AWSETGLGMGGWQ', 'ELAGIGILTV')	91004449-98a7-4be9-8ce7-b5ff8387e9a3
73	6AVG	2F54	SLLMWITQC	Homo sapiens (human)	HLA-A*02:01	TRAV4*01	TRAJ8*01	LVVDQKLV	TRBV9*01	TRBJ2-1*01	ASSGGHTGSNEQF	1	0	('LVVDQKLV', 'ASSGGHTGSNEQF', 'APRGPHGGAASGL')	02a4ccf0-c655-4071-bc57-109502624ab7
74	1QSF	2F54	SLLMWITQC	Homo sapiens (human)	HLA-A*02:01	TRAV12-2*01	TRAJ24*02	AVTTDSWGKLQ	TRBV6-5*01	TRBJ2-7*01	ASRPGLAGGRPEQY	1	0	('AVTTDSWGKLQ', 'ASRPGLAGGRPEQY', 'LLFGYPVAV')	27b42774-be25-4cda-8661-9043912930c5
75	4PRH	2BNQ	SLLMWITQV	Homo sapiens (human)	HLA-A*02:01	TRAV20*01	TRAJ18*01	AVQDLGTSGSRLT	TRBV9*01	TRBJ2-2*01	ASSARSGELF	1	0	('AVQDLGTSGSRLT', 'ASSARSGELF', 'HPVGDADYFEY')	4459d9ea-315b-4833-84b8-8849c58ca642
76	3QEQ	2BNR	SLLMWITQC	Homo sapiens (human)	HLA-A*02:01	TRAV35*01	TRAJ49*01	AGGTGNQFY	TRBV10-3*01	TRBJ1-5*01	AISEVGVGQPQH	1	0	('AGGTGNQFY', 'AISEVGVGQPQH', 'AAGIGILTV')	42522f33-983d-4ecb-8d9e-18c12f9565c3
77	4FTV	2F53	SLLMWITQC	Homo sapiens Caucasian	HLA-A*02:01	TRAV12-2*01	TRAJ24*02	AVTTDSWGKLQ	TRBV6-5*01	TRBJ2-7*01	ASRPGLMSAQPEQY	1	0	('AVTTDSWGKLQ', 'ASRPGLMSAQPEQY', 'LLFGYPVYV')	202a3b6b-dcbb-4f33-b232-e93eb5289f95
78	5WKF	1MI5	FLRGRAYGL	Homo sapiens (human)	HLA-B*08:01	TRAV30*01	TRAJ39*01	GLGDAGNMLT	TRBV11-2*01	TRBJ1-2*01	ASSLGQGLLYGYT	1	0	('GLGDAGNMLT', 'ASSLGQGLLYGYT', 'GTSGSPIVNR')	4b001ffc-2361-4060-ac16-68065dd57182
79	2AK4	5NMG	SLFNTIAVL	Homo sapiens (human)	HLA-A*02:01	TRAV19*01	TRAJ34*01	ALSGFYNTDKLI	TRBV6-1*01	TRBJ2-7*01	ASPGLAGEYEQY	1	0	('ALSGFYNTDKLI', 'ASPGLAGEYEQY', 'LPEPLPQGQLTAY')	87f73a91-ede5-4ebe-9754-376e45a58c02
80	2PYE	5NME	SLYNTVATL	Homo sapiens (human)	HLA-A*02:01	TRAV21*01	TRAJ6*01	AVRPLLDGTYIPT	TRBV6-5*01	TRBJ2-2*01	ASSYLGNTGELF	1	0	('AVRPLLDGTYIPT', 'ASSYLGNTGELF', 'SLLMWITQC')	19235664-cfd7-489e-824d-84b15ba5b6d1
81	3QDG	5NMF	SLYNTIATL	Homo sapiens (human)	HLA-A*02:01	TRAV12-2*01	TRAJ23*01	AVNFGGGKLI	TRBV6-4*01	TRBJ1-1*01	ASSLSFGTEAF	1	0	('AVNFGGGKLI', 'ASSLSFGTEAF', 'ELAGIGILTV')	629cc192-3f23-449b-a36e-dc9395a6d102
82	2F54	4MJI	TAFTIPSI	Homo sapiens (human)	HLA-B*51:01	TRAV21*01	TRAJ6*01	AVRPTSGGSYIPT	TRBV6-5*01	TRBJ2-2*01	ASSYVGNTGELF	1	0	('AVRPTSGGSYIPT', 'ASSYVGNTGELF', 'SLLMWITQC')	18ccf104-a5ee-4eac-8c07-591eb4b5b7ce
83	1QSF	2AK4	LPEPLPQGQLTAY	Homo sapiens (human)	HLA-B*35:08	TRAV12-2*01	TRAJ24*02	AVTTDSWGKLQ	TRBV6-5*01	TRBJ2-7*01	ASRPGLAGGRPEQY	1	0	('AVTTDSWGKLQ', 'ASRPGLAGGRPEQY', 'LLFGYPVAV')	fba12bf9-082b-41ae-9617-1dceec745de9
84	3VXR	3MV8	HPVGEADYFEY	Homo sapiens (human)	HLA-B*35:01	TRAV21*01	TRAJ12*01	AVRMDSSYKLI	TRBV7-9*01	TRBJ2-2*01	ASSSWDTGELF	1	0	('AVRMDSSYKLI', 'ASSSWDTGELF', 'RYPLTFGWCF')	ffdff64d-ad67-4403-a219-b8f320e756d9
85	5BS0	4PRI	HPVGEADYFEY	Homo sapiens (human)	HLA-B*35:08	TRAV21*01	TRAJ28*01	AVRPGGAGPFFVV	TRBV5-1*01	TRBJ2-7*01	ASSFNMATGQY	1	0	('AVRPGGAGPFFVV', 'ASSFNMATGQY', 'ESDPIVAQY')	f7d6ec40-b77d-4f0e-93cb-357d21c55c4e
86	2P5E	4PRH	HPVGDADYFEY	Homo sapiens (human)	HLA-B*35:08	TRAV21*01	TRAJ6*01	AVRPLLDGTYIPT	TRBV6-5*01	TRBJ2-2*01	ASSYLGNTGELF	1	0	('AVRPLLDGTYIPT', 'ASSYLGNTGELF', 'SLLMWITQC')	0c95280a-48b4-48a5-a701-28bcfcef1988
87	2UWE	3MV9	HPVGEADYFEY	Mus musculus C57BL/6	HLA-B*35:01	TRAV12D-2*01	TRAJ50*01	ALFLASSSFSKLV	TRBV13-3*01	TRBJ2-7*01	ASSDWVSYEQY	1	0	('ALFLASSSFSKLV', 'ASSDWVSYEQY', 'ALWGFFPVL')	7cb1d45c-417d-4949-99c5-ad682f659efd
88	2F54	3MV7	HPVGEADYFEY	Homo sapiens (human)	HLA-B*35:01	TRAV21*01	TRAJ6*01	AVRPTSGGSYIPT	TRBV6-5*01	TRBJ2-2*01	ASSYVGNTGELF	1	0	('AVRPTSGGSYIPT', 'ASSYVGNTGELF', 'SLLMWITQC')	4a160b92-4e96-43fd-b592-c1a6273cd64e
89	5E9D	4PRP	HPVGQADYFEY	Homo sapiens (human)	HLA-B*35:01	TRAV12-2*01	TRAJ24*02	AVTKYSWGKLQ	TRBV6-5*01	TRBJ2-7*01	ASRPGWMAGGVELY	1	0	('AVTKYSWGKLQ', 'ASRPGWMAGGVELY', 'ELAGIGILTV')	6cb6dfdd-3780-4cce-859f-fe74b18c4440
90	3W0W	5MEN	ILAKFLHWL	Homo sapiens (human)	HLA-A*02:01	TRAV12-2*01	TRAJ23*01	GTYNQGGKLI	TRBV27*01	TRBJ2-7*01	ASSGASHEQY	1	0	('GTYNQGGKLI', 'ASSGASHEQY', 'RFPLTFGWCF')	b8460f79-4723-4ce4-a06d-2ccb888d0b5f
91	2J8U	2NX5	EPLPQGQLTAY	Mus musculus C57BL/6	HLA-B*35:01	TRAV12D-2*01	TRAJ50*01	ALFLASSSFSKLV	TRBV13-3*01	TRBJ2-7*01	ASSDWVSYEQY	1	0	('ALFLASSSFSKLV', 'ASSDWVSYEQY', 'ALWGFFPVL')	0757e21d-e755-42ab-a8b5-9807d87d1cc5
92	2F54	5D2N	NLVPMVATV	Homo sapiens (human)	HLA-A*02:01	TRAV21*01	TRAJ6*01	AVRPTSGGSYIPT	TRBV6-5*01	TRBJ2-2*01	ASSYVGNTGELF	1	0	('AVRPTSGGSYIPT', 'ASSYVGNTGELF', 'SLLMWITQC')	4cfee81e-8148-42ff-9da5-3ddad4cb243f
93	2F53	4L3E	ELAGIGILTV	Homo sapiens (human)	HLA-A*02:01	TRAV21*01	TRAJ6*01	AVRPTSGGSYIPT	TRBV6-5*01	TRBJ2-2*01	ASSYVGNTGELF	1	0	('AVRPTSGGSYIPT', 'ASSYVGNTGELF', 'SLLMWITQC')	ad528af9-fcc3-4700-9ef3-dee78df7a9f6
94	3QDM	2J8U	ALWGFFPVL	Homo sapiens (human)	HLA-A*02:01 K66A mutant	TRAV35*01	TRAJ49*01	AGGTGNQFY	TRBV10-3*01	TRBJ1-5*01	AISEVGVGQPQH	1	0	('AGGTGNQFY', 'AISEVGVGQPQH', 'ELAGIGILTV')	0921e707-deb4-4675-ba0e-eae997c453b8
95	2F54	2JCC	ALWGFFPVL	Homo sapiens (human)	HLA-A*02:01 W167A mutant	TRAV21*01	TRAJ6*01	AVRPTSGGSYIPT	TRBV6-5*01	TRBJ2-2*01	ASSYVGNTGELF	1	0	('AVRPTSGGSYIPT', 'ASSYVGNTGELF', 'SLLMWITQC')	a93e1db4-c1c0-4ca6-8d90-034021186218
96	3KPS	2UWE	ALWGFFPVL	Homo sapiens (human)	HLA-A*02:01 T163A mutant	TRAV26-2*01	TRAJ52*01	ILPLAGGTSYGKLT	TRBV7-8*01	TRBJ2-7*01	ASSLGQAYEQY	1	0	('ILPLAGGTSYGKLT', 'ASSLGQAYEQY', 'EEYLQAFTY')	a26f188e-8b53-4406-935a-3290a39c4f0a
97	5E9D	1LP9	ALWGFFPVL	Homo sapiens (human)	HLA-A*02:01	TRAV12-2*01	TRAJ24*02	AVTKYSWGKLQ	TRBV6-5*01	TRBJ2-7*01	ASRPGWMAGGVELY	1	0	('AVTKYSWGKLQ', 'ASRPGWMAGGVELY', 'ELAGIGILTV')	4d9f23b1-2060-406a-a7de-e54803ca569d
98	4L3E	5BRZ	EVDPIGHLY	Homo sapiens (human)	HLA-A*01:01	TRAV12-2*01	TRAJ23*01	AVNFGGGKLI	TRBV6-4*01	TRBJ1-1*01	ASSWSFGTEAF	1	0	('AVNFGGGKLI', 'ASSWSFGTEAF', 'ELAGIGILTV')	7e6deaf5-305c-4107-8027-dd42e3c371a7
99	5WKF	5BS0	ESDPIVAQY	Homo sapiens (human)	HLA-A*01:01	TRAV30*01	TRAJ39*01	GLGDAGNMLT	TRBV11-2*01	TRBJ1-2*01	ASSLGQGLLYGYT	1	0	('GLGDAGNMLT', 'ASSLGQGLLYGYT', 'GTSGSPIVNR')	d4239752-4207-441d-bcbe-ae0e6f7d7199
100	4JRY	3KPS	EEYLQAFTY	Homo sapiens (human)	HLA-B*44:05	TRAV39*01	TRAJ33*01	AVGGGSNYQLI	TRBV5-6*01	TRBJ2-7*01	ASSRTGSTYEQY	1	0	('AVGGGSNYQLI', 'ASSRTGSTYEQY', 'LPEPLPQGQLTAY')	d2fa3f7c-6ac4-43f2-955b-598e482b28c1
101	2P5W	3KPR	EEYLKAWTF	Homo sapiens (human)	HLA-B*44:05	TRAV21*01	TRAJ6*01	AVRPLLDGTYIPT	TRBV6-5*01	TRBJ2-2*01	ASSYLGNTGELF	1	0	('AVRPLLDGTYIPT', 'ASSYLGNTGELF', 'SLLMWITQC')	8e901a39-d8d7-400b-9de5-224f25bf0d04
102	2BNQ	1QRN	LLFGYAVYV	Homo sapiens (human)	HLA-A*02:01	TRAV21*01	TRAJ6*01	AVRPTSGGSYIPT	TRBV6-5*01	TRBJ2-2*01	ASSYVGNTGELF	1	0	('AVRPTSGGSYIPT', 'ASSYVGNTGELF', 'SLLMWITQV')	786ed7f0-3a35-4888-abc3-ff6f545ad018
103	4PRH	1QSF	LLFGYPVAV	Homo sapiens (human)	HLA-A*02:01	TRAV20*01	TRAJ18*01	AVQDLGTSGSRLT	TRBV9*01	TRBJ2-2*01	ASSARSGELF	1	0	('AVQDLGTSGSRLT', 'ASSARSGELF', 'HPVGDADYFEY')	260ad1dd-56d1-46c9-9472-fd73dac54239
104	2NX5	3VXR	RYPLTFGWCF	Homo sapiens (human)	HLA-A*24:02	TRAV1-2*01	TRAJ6*01	AVQASGGSYIPT	TRBV10-3*01	TRBJ1-5*01	ATGTGDSNQPQH	1	0	('AVQASGGSYIPT', 'ATGTGDSNQPQH', 'EPLPQGQLTAY')	e447cbb3-c719-4735-a9c6-961344b50f6a
105	3QDJ	3VXS	RYPLTLGWCF	Homo sapiens (human)	HLA-A*24:02	TRAV12-2*01	TRAJ23*01	AVNFGGGKLI	TRBV6-4*01	TRBJ1-1*01	ASSLSFGTEAF	1	0	('AVNFGGGKLI', 'ASSLSFGTEAF', 'AAGIGILTV')	6f0ca356-3529-466a-be2e-ad05359f19c3
106	5HHO	3W0W	RFPLTFGWCF	Homo sapiens (human)	HLA-A*24:02	TRAV27*01	TRAJ42*01	AGAGSQGNLI	TRBV19*01	TRBJ2-7*01	ASSIRSSYEQY	1	0	('AGAGSQGNLI', 'ASSIRSSYEQY', 'GILEFVFTL')	c88eb2fa-6813-46fd-858a-156de4fd562c
107	1LP9	3VXU	RFPLTFGWCF	Mus musculus HLA-A*0201 Tg	HLA-A*24:02	TRAV12D-2*01	TRAJ50*01	ALFLASSSFSKLV	TRBV13-3*01	TRBJ2-7*01	ASSDWVSYEQY	1	0	('ALFLASSSFSKLV', 'ASSDWVSYEQY', 'ALWGFFPVL')	89748999-6589-4b15-accb-5a7abe3bf5e5
108	1QRN	3HG1	ELAGIGILTV	Homo sapiens (human)	HLA-A*02:01	TRAV12-2*01	TRAJ24*02	AVTTDSWGKLQ	TRBV6-5*01	TRBJ2-7*01	ASRPGLAGGRPEQY	1	0	('AVTTDSWGKLQ', 'ASRPGLAGGRPEQY', 'LLFGYAVYV')	e0902491-cf7d-49e6-83fc-e09ddf5c68ea
109	4PRP	4QOK	EAAGIGILTV	Homo sapiens (human)	HLA-A*02:01	TRAV20*01	TRAJ18*01	AVQDLGTSGSRLT	TRBV9*01	TRBJ2-2*01	ASSARSGELF	1	0	('AVQDLGTSGSRLT', 'ASSARSGELF', 'HPVGQADYFEY')	02787ff1-06a4-445e-8000-68f96aa2ebf1
110	1QRN	5WKF	GTSGSPIVNR	Homo sapiens (human)	HLA-A*11:01	TRAV12-2*01	TRAJ24*02	AVTTDSWGKLQ	TRBV6-5*01	TRBJ2-7*01	ASRPGLAGGRPEQY	1	0	('AVTTDSWGKLQ', 'ASRPGLAGGRPEQY', 'LLFGYAVYV')	b77d1161-3c56-4d44-8383-043b271442b1
111	5BRZ	5EU6	YLEPGPVTV	Homo sapiens (human)	HLA-A*02:01	TRAV21*01	TRAJ28*01	AVRPGGAGPFFVV	TRBV5-1*01	TRBJ2-7*01	ASSFNMATGQY	1	0	('AVRPGGAGPFFVV', 'ASSFNMATGQY', 'EVDPIGHLY')	9ae49b42-8417-43af-a449-aa22c2ec4e87
112	4PRI	3GSN	NLVPMVATV	Homo sapiens (human)	HLA-A*02:01	TRAV20*01	TRAJ18*01	AVQDLGTSGSRLT	TRBV9*01	TRBJ2-2*01	ASSARSGELF	1	0	('AVQDLGTSGSRLT', 'ASSARSGELF', 'HPVGEADYFEY')	07d12120-6536-4c2d-849e-a6dec334c05d
113	5MEN	6AVF	APRGPHGGAASGL	Homo sapiens (human)	HLA-B*07:02	TRAV22*01	TRAJ40*01	AVDSATSGTYKYI	TRBV6-5*01	TRBJ1-1*01	ASSYQGTEAF	1	0	('AVDSATSGTYKYI', 'ASSYQGTEAF', 'ILAKFLHWL')	bc2ee8cf-4fad-4c64-a91c-0e7c931027e8
114	2BNR	3QDG	ELAGIGILTV	Homo sapiens (human)	HLA-A*02:01	TRAV21*01	TRAJ6*01	AVRPTSGGSYIPT	TRBV6-5*01	TRBJ2-2*01	ASSYVGNTGELF	1	0	('AVRPTSGGSYIPT', 'ASSYVGNTGELF', 'SLLMWITQC')	97ffad62-73ca-4e54-a6f2-d68516782651
115	4PRH	3QDJ	AAGIGILTV	Homo sapiens (human)	HLA-A*02:01	TRAV20*01	TRAJ18*01	AVQDLGTSGSRLT	TRBV9*01	TRBJ2-2*01	ASSARSGELF	1	0	('AVQDLGTSGSRLT', 'ASSARSGELF', 'HPVGDADYFEY')	d860d186-c094-4977-a7e4-e5eb9d7c877f
116	3W0W	5EUO	GILGFVFTL	Homo sapiens (human)	HLA-A*02:01	TRAV12-2*01	TRAJ23*01	GTYNQGGKLI	TRBV27*01	TRBJ2-7*01	ASSGASHEQY	1	0	('GTYNQGGKLI', 'ASSGASHEQY', 'RFPLTFGWCF')	1f8737d7-af16-460c-9917-7fed3f394219
117	1LP9	4QRR	IPSINVHHY	Mus musculus HLA-A*0201 Tg	HLA-B*35:01	TRAV12D-2*01	TRAJ50*01	ALFLASSSFSKLV	TRBV13-3*01	TRBJ2-7*01	ASSDWVSYEQY	1	0	('ALFLASSSFSKLV', 'ASSDWVSYEQY', 'ALWGFFPVL')	24a0a43f-1ac5-4867-ac7f-2a44d96649c0
118	4PRH	6AVG	APRGPHGGAASGL	Homo sapiens (human)	HLA-B*07:02	TRAV20*01	TRAJ18*01	AVQDLGTSGSRLT	TRBV9*01	TRBJ2-2*01	ASSARSGELF	1	0	('AVQDLGTSGSRLT', 'ASSARSGELF', 'HPVGDADYFEY')	71c95abd-b1e5-4b51-912e-dd85690cf76e
119	3QDG	5ISZ	GILGFVFTL	Homo sapiens (human)	HLA-A*02:01	TRAV12-2*01	TRAJ23*01	AVNFGGGKLI	TRBV6-4*01	TRBJ1-1*01	ASSLSFGTEAF	1	0	('AVNFGGGKLI', 'ASSLSFGTEAF', 'ELAGIGILTV')	f6826815-41da-4997-ae8d-03a0cc1b16b6
