TCRname	MHCname	MHCname_PDB	MHC_mut	MHC_mut_chain	TCR_mut	Kd_microM	Kon_per_M_per_s	Koff_per_s	Kd_wt/Kd_mut	DeltaG_kcal_per_mol	Delta_DeltaG_kcal_per_mol	Temperature_K	PEPseq	PEP_mut	true_PDB	Structure_Method	Resolution	R-value	R-free	template_PDB	pMHC_PBID	TCR_mut_chain	CDR	wtCDRseq	TCR_PDB_chain	PMID	Exp. Method	SPR SensorChip	Immobilized Ligand	Coupling Method	Analyte	uuid
LC13	HLA-B*08:01	HLA-B*08:01	WT		WT	12.5 +/- 2.1			1	-6.69		298.15	FLRGRAYGL	WT	1MI5	x-ray diffraction	2.5	0.266	0.288							15640805	Biacore 3000	CM5	FLRGRAYGL-HLA-B*08:01	direct	LC13 WT	1MI5
JM22	HLA-A*02:01	HLA-A*02:01	WT		WT	5.2	31000	0.16	1	-7.21		298.15	GILGFVFTL	WT	2VLJ	x-ray diffraction	2.4	0.2	0.272							18275829	Biacore 2000	CM5	GILGFVFTL-HLA-A*02:01	indirect	JM22 WT	2VLJ
JM22	HLA-A*02:01	HLA-A*02:01	WT		S99A	4.9	59000	0.29	1.06	-7.24	-0.03	298.15	GILGFVFTL	WT	2VLR	x-ray diffraction	2.3	0.222	0.281	2VLJ		B	CDR3	ASSSRSSYEQY	E	18275829	Biacore 2000	CM5	GILGFVFTL-HLA-A*02:01	indirect	JM22 S99A	2VLR
A6	HLA-A*02:01	HLA-A*02:01	WT		WT	2.113502935	51100	0.108	1	-7.74		298.15	LLFGYPVYV	WT	1AO7	x-ray diffraction	2.6	0.245	0.32							18767161	Biacore 3000	CM5	A6 WT	direct	LLFGYPVYV-HLA-A*02:01	1AO7
RA14	HLA-A*02:01	HLA-A*02:01	WT		WT	27.7 +/- 2.3			1	-6.21		298.15	NLVPMVATV	WT	3GSN	x-ray diffraction	2.8	0.237	0.29		3GSO					19542454	Biacore 3000	CM5	RA14 WT	direct	NLVPMVATV-HLA-A*02:01	3GSN
MEL5	HLA-A*02:01	HLA-A*02:01	WT		WT	18			0.36	-6.47	0.61	298.15	ELAGIGILTV	A2L	3HG1	x-ray diffraction	3.0	0.229	0.304							19605354	Biacore T100	CM5	ELAGIGILTV-HLA-A*02:01	indirect	MEL5 WT	3HG1
TK3	HLA-B*35:01	HLA-B*35:01	WT		WT	2.2 +/- 0.2	40100	0.085	1	-7.72		298.15	HPVGEADYFEY	WT	3MV7	x-ray diffraction	2.0	0.228	0.286		2FYY					20566715	Biacore 3000	CM5	TK3 WT	direct	HPVGEADYFEY-HLA-B*35:01	3MV7
TK3	HLA-B*35:01	HLA-B*35:01	WT		Q55A	5.76 +/- 0.07	16500	0.115	0.38	-7.15	0.57	298.15	HPVGEADYFEY	WT	3MV9	x-ray diffraction	2.7	0.238	0.331	3MV7	2FYY	B	CDR2	YYNGEE	E	20566715	Biacore 3000	CM5	TK3 Q55A	direct	HPVGEADYFEY-HLA-B*35:01	3MV9
TK3	HLA-B*35:01	HLA-B*35:01	WT		Q55H	34.66 +/- 1.66	30800	0.787	0.063	-6.08	1.64	298.15	HPVGEADYFEY	WT	3MV8	x-ray diffraction	2.1	0.231	0.276	3MV7	2FYY	B	CDR2	YYNGEE	E	20566715	Biacore 3000	CM5	TK3 Q55H	direct	HPVGEADYFEY-HLA-B*35:01	3MV8
MS2-3C8	HLA-DRA*01:01 | HLA-DRB1*04:01	HLA-DRA*01:01 | HLA-DRB1*04:01	WT		WT	5.0+/- 0.1	1930	0.0106	1	-7.23		298.15	FSWGAEGQRPGFG	WT	3O6F	x-ray diffraction	2.8	0.239	0.279							21297580	Biacore T100	CM5	FSWGAEGQRPGFG-HLA-DRA*01:01 | HLA-DRB1*04:01	indirect	MS2-3C8 WT	3O6F
A6	HLA-A*02:01	HLA-A*02:01	WT		WT	0.91 +/- 0.09	110000	0.093	1	-8.24		298.15	LLFGYPVYV	WT	1AO7	x-ray diffraction	2.6	0.245	0.32							10435578	Biacore 1000	CM5	A6 WT	direct	LLFGYPVYV-HLA-A*02:01	1AO7
A6	HLA-A*02:01	HLA-A*02:01	WT		WT	7.2 +/- 0.5	58000	0.47	0.13	-7.02	1.21	298.15	LLFGYPRYV	V7R	1QSE	x-ray diffraction	2.8	0.243	0.29	1AO7						10435578	Biacore 1000	CM5	A6 WT	direct	LLFGYPRYV-HLA-A*02:01	1QSE
A6	HLA-A*02:01	HLA-A*02:01	WT		WT	n.d.	n.d.	n.d.				298.15	LLFGYAVYV	P6A	1QRN	x-ray diffraction	2.8	0.216	0.273	1AO7						10435578	Biacore 1000	CM5	A6 WT	direct	LLFGYAVYV-HLA-A*02:01	1QRN
A6	HLA-A*02:01	HLA-A*02:01	WT		WT	n.d.	n.d.	n.d.				298.15	LLFGYPVAV	Y8A	1QSF	x-ray diffraction	2.8	0.245	0.286	1AO7						10435578	Biacore 1000	CM5	A6 WT	direct	LLFGYPVAV-HLA-A*02:01	1QSF
KK50.4 	HLA-E*01:01	HLA-E*01:01	WT		WT	32.7 +/- 5.8	2950	0.104	1	-6.12		298.15	VMAPRTLIL	WT	2ESV	x-ray diffraction	2.6	0.218	0.292							16474394	Biacore 3000	CM5	KK50.4 WT	indirect	VMAPRTLIL-HLA-E*01:01	2ESV
A6	HLA-A*02:01	HLA-A*02:01	WT		WT	2.4	45800	0.11	1	-7.67		298.15	LLFGYPVYV	WT	1AO7	x-ray diffraction	2.6	0.245	0.32							16962135	Biacore 3000	CM5	A6 WT	direct	LLFGYPVYV-HLA-A*02:01	1AO7
DM1	HLA-B*44:05	HLA-B*44:05	WT		WT	0.3 +/- 0.1	68000	0.002	1	-8.9		298.15	EENLLDFVRF	WT	3DXA	x-ray diffraction	3.5	0.289	0.33							19139173	Biacore 3000	CM5	EENLLDFVRF-HLA-B*44:05	direct	DM1 WT	3DXA
DM1	HLA-B*44:05	HLA-B*44:05	WT		WT	1 +/- 0.5	n.d.	n.d	0.3	-8.18	0.71	298.15	EENLLDFVRF	WT	3DXA	x-ray diffraction	3.5	0.289	0.33							19139173	Biacore 3000	CM5	DM1 WT	direct	EENLLDFVRF-HLA-B*44:05	3DXA
A6	HLA-A*02:01	HLA-A*02:01	WT		WT	1.8 +/- 0.1			1	-7.84		298.15	LLFGYPVYV	WT	1AO7	x-ray diffraction	2.6	0.245	0.32							20064447	Biacore 3000	CM5	A6 WT	direct	LLFGYPVYV	1AO7
A6	HLA-A*02:01	HLA-A*02:01	WT		WT	41 +/- 2			1	-5.98		298.15	MLWGYLQYV	WT	3H9S	x-ray diffraction	2.7	0.221	0.289							20064447	Biacore 3000	CM5	A6 WT	direct	MLWGYLQYV-HLA-A*02:01	3H9S
LC13	HLA-B*44:05	HLA-B*44:05	WT		WT	1.54 +/- 0.04	43000	0.01	1	-7.93		298.15	EEYLKAWTF	WT	3KPR	x-ray diffraction	2.6	0.222	0.27							20064448	Biacore 3000	CM5	EEYLKAWTF-HLA-B*44:05	indirect	LC13 WT	3KPR
LC13	HLA-B*44:05	HLA-B*44:05	WT		WT	49 +/- 0.2	22000	0.5	1	-5.88		298.15	EEYLQAFTY	WT	3KPS	x-ray diffraction	2.7	0.197	0.269							20064448	Biacore 3000	CM5	EEYLQAFTY-HLA-B*44:05	indirect	LC13 WT	3KPS
LC13	HLA-B*08:01 	HLA-B*08:01 	WT		WT	10.4			1	-6.8		298.15	FLRGRAYGL	WT	1MI5	x-ray diffraction	2.5	0.226	0.288							20483993	Biacore 3000	CM5	FLRGRAYGL-HLA-B*08:01 	indirect	LC13 WT	1MI5
SB27	HLA-B*35:08	HLA-B*35:08	WT		WT	11.2			1	-6.75		298.15	LPEPLPQGQLTAY	WT	2AK4	x-ray diffraction	2.5	0.247	0.278							20483993	Biacore 3000	CM5	LPEPLPQGQLTAY-HLA-B*35:08 	indirect	SB27 WT	2AK4
SB27	HLA-B*35:08	HLA-B*35:08	Q65A | T69A | Q155A	A | A | A	WT	27			0.41	-6.23	0.53	298.15	LPEPLPQGQLTAY	WT	3KXF	x-ray diffraction	3.1	0.217	0.291	2AK4						20483993	Biacore 3000	CM5	LPEPLPQGQLTAY-HLA-B*35:08 Q65A | T69A | Q155A	indirect	SB27 WT	3KXF
AS01	HLA-A*02:01	HLA-A*02:01	WT		WT	10.7 +/- 0.7			1	-6.78		298.15	GLCTLVAML	WT	3O4L	x-ray diffraction	2.54	0.225	0.296							21124993	Biacore 3000	CM5	GLCTLVAML-HLA-A*02:01	indirect	AS01 WT	3O4L
Hy.1B11	HLA-DQA1*01:02 | HLA-DQB1*05:01	HLA-DQA1*01:02 | HLA-DQB1*05:01	WT		WT	14.3 +/- 1.5			1	-6.61		298.15	ENPVVHFFKNIVTPR	WT	3PL6	x-ray diffraction	2.55	0.232	0.258							21199956	Biacore 3000	CM5	ENPVVHFFKNIVTPR-HLA-DQA1*01:02 | HLA-DQB1*05:01	indirect	Hy.1B11 WT	3PL6
A6	HLA-A*02:01	HLA-A*02:01	WT		WT	140 +/- 14			1	-5.26		298.15	LGYGFVNYI	WT	3PWP	x-ray diffraction	2.69	0.201	0.259							21282516	Biacore 3000	CM5	LGYGFVNYI-HLA-A*02:01	indirect	A6 WT	3PWP
DMF5	HLA-A*02:01	HLA-A*02:01	WT		WT	5.6 +/- 1.5			7.14	-7.16	-1.16	298.15	ELAGIGILTV	A2L	3QDG	x-ray diffraction	2.69	0.221	0.278							21795600	Biacore 3000	CM5	DMF5	direct	ELAGIGILTV-HLA-A*02:01	3QDG
DMF5	HLA-A*02:01	HLA-A*02:01	WT		WT	40 +/- 2			1	-6.0		298.15	AAGIGILTV	WT	3QDJ	x-ray diffraction	0.23	0.243	0.299							21795600	Biacore 3000	CM5	DMF5	direct	AAGIGILTV-HLA-A*02:01	3QDJ
DMF4	HLA-A*02:01	HLA-A*02:01	WT		WT	29 +/- 4			5.86	-6.19	-1.05	298.15	ELAGIGILTV	A2L	3QDM	x-ray diffraction	2.8	0.215	0.284							21795600	Biacore 3000	CM5	DMF4	direct	ELAGIGILTV-HLA-A*02:01	3QDM
DMF4	HLA-A*02:01	HLA-A*02:01	WT		WT	170 +/- 11			1	-5.14		298.15	AAGIGILTV	WT	3QEQ	x-ray diffraction	2.59	0.218	0.269							21795600	Biacore 3000	CM5	DMF4	direct	AAGIGILTV-HLA-A*02:01	3QEQ
A6	HLA-A*02:01	HLA-A*02:01	WT		WT	0.9 +/- 0.1			1	-8.25		298.15	LLFGYPVYV	WT	1AO7	x-ray diffraction	2.6	0.245	0.32							22019736	Time-resolved fluorescence anisotropy 					1AO7
A6	HLA-A*02:01	HLA-A*02:01	WT		WT	1.2 +/- 0.2			0.75	-8.08	0.17	298.15	LLFGFPVYV	Y5F	3QFJ	x-ray diffraction	2.29	0.221	0.271	1AO7						22019736	Time-resolved fluorescence anisotropy 					3QFJ
MEL5	HLA-A*02:01	HLA-A*02:01	WT		D27F | R28L | I50T | S52R | N53E | Y71H | V93D | A94G | K96R | S97L | L44P | S50W | V51G | G52P | I53F | T100M | E102G | L103W | F104Q	0.0006			10667	-12.57	-5.49	298.15	ELAGIGILTV	WT	4JFF					3HG1		A | A | A | A | A | A | A | A | A | A | B | B | B | B | B | B | B | B | B	CDR1 | CDR1 | CDR2 | CDR2 | CDR2 |  | CDR3 | CDR3 | CDR3 | CDR3 |  | CDR2 | CDR2 | CDR2 | CDR2 | CDR3 | CDR3 | CDR3 | CDR3 |	DRGSQS | DRGSQS | IYSNG | IYSNG | IYSNG |  | CAVNVAGKSTFG | CAVNVAGKSTFG | CAVNVAGKSTFG | CAVNVAGKSTFG |  | SVGIG | SVGIG | SVGIG | SVGIG | CAWSETGLGTGELFFQ | CAWSETGLGTGELFFQ | CAWSETGLGTGELFFQ | CAWSETGLGTGELFFQ |	D | D | D | D | D | D | D | D | D | D | E | E | E | E | E | E | E | E | E 	23698002	Biacore T100	CM5	MEL5 D27F | R28L | I50T | S52R | N53E | Y71H | V93D | A94G | K96R | S97L | L44P | S50W | V51G | G52P | I53F | T100M | E102G | L103W | F104Q	direct	ALAGIGILTV-HLA-A*02:01	4JFF
MEL5	HLA-A*02:01	HLA-A*02:01	WT		WT	36			0.18	-6.06	1.02	298.15	ELAAIGILTV	G4A	4JFD					4JFF	4JFP					23698002	Biacore T100	CM5	MEL5 D27F | R28L | I50T | S52R | N53E | Y71H | V93D | A94G | K96R | S97L | L44P | S50W | V51G | G52P | I53F | T100M | E102G | L103W | F104Q	direct	ELAAIGILTV-HLA-A*02:01	4JFD
MEL5	HLA-A*02:01	HLA-A*02:01	WT		WT	31			0.21	-6.15	0.92	298.15	ELAGIGALTV	I7A	4JFE					4JFF						23698002	Biacore T100	CM5	MEL5 D27F | R28L | I50T | S52R | N53E | Y71H | V93D | A94G | K96R | S97L | L44P | S50W | V51G | G52P | I53F | T100M | E102G | L103W | F104Q	direct	ELAGIGALTV-HLA-A*02:01	4JFE
SB27 	HLA-B*35:08	HLA-B*35:08	WT		WT	18.7 +/- 0.4			1	-6.45		298.15	LPEPLPQGQLTAY	WT	2AK4	x-ray diffraction	2.5	0.247	0.278							22343629	Biacore 3000	CM5	SB27 WT	indirect 	LPEPLPQGQLTAY	2AK4
1.00E+06	HLA-A*02:01	HLA-A*02:01	WT		WT	270 +/- 40			1	-4.87		298.15	ALWGPDPAAA	WT	3UTT	x-ray diffraction	2.6	0.199	0.274							20639478	Biacore 3000	CM5	1E6' WT	indirect 	ALWGPDPAAA-HLA-A*02:01	3UTT
MEL5	HLA-A*02:01	HLA-A*02:01	WT		WT	17 +/- 0.4			0.38	-6.5	0.57	298.15	ELAGIGILTV	WT	3HG1	x-ray diffraction	3.0	0.229	0.304							20639478	Biacore 3000	CM5	MEL5 WT	indirect 	ELAGIGILTV-HLA-A*02:01	3HG1
1G4	HLA-A*02:01	HLA-A*02:01	WT		WT	13.3 +/- 0.4	12200	0.17	0.43	-6.65	0.5	298.15	SLLMWITQC	WT	2BNR											15837811	Biacore 3000	CM5	SLLMWITQC-HLA-A*02:01	indirect 	1G4 WT	2BNR
1G4	HLA-A*02:01	HLA-A*02:01	WT		WT	5.7 +/- 0.2	11800	0.049	1	-7.15		298.15	SLLMWITQV	WT	2BNQ											15837811	Biacore 3000	CM5	SLLMWITQV-HLA-A*02:01	indirect 	1G4 WT	2BNQ
A6	HLA-A*02:01	HLA-A*02:01	WT		WT	3.2	23000	0.074	1	-7.49		298.15	LLFGYPVYV	WT	1AO7	x-ray diffraction	2.6	0.245	0.32							23805144	Biacore 3000	CM5	LLFGYPVYV-HLA-A*02:01	indirect 	A6 WT	1AO7
A6	HLA-A*02:01	HLA-A*02:01	WT		A99M | G100S | G101A | R102Q	0.004	45000	0.00018	800	-11.45	-3.96	298.15	LLFGYPVYV	WT	4FTV	x-ray diffraction	2.74	0.218	0.26	1AO7		B |B | B | B	CDR3 | CDR3 | CDR3 | CDR3	ASRPGLAGGRPEQY | ASRPGLAGGRPEQY | ASRPGLAGGRPEQY | ASRPGLAGGRPEQY	E | E | E | E	23805144	Biacore 3000	CM5	LLFGYPVYV-HLA-A*02:01	indirect 	A6 A99M | G100S | G101A | R102Q	4FTV
A6	HLA-A*02:01	HLA-A*02:01	WT		WT	0.91 +/- 0.09	110000	0.093	1	-8.24		298.15	LLFGYPVYV	WT	1AO7	x-ray diffraction	2.6	0.245	0.32							11238586	Biacore 1000	CM5	A6 WT	direct	LLFGYPVYV-HLA-A*02:01	1AO7
A6	HLA-A*02:01	HLA-A*02:01	WT		WT	2.1 +/- .35	51000	0.108	1	-7.75		298.15	LLFGYPVYV	WT	1AO7	x-ray diffraction	2.6	0.245	0.32							20681514	Biacore 3000	CM5	A6 WT	direct	LLFGYPVYV-HLA-A*02:01	1AO7
MEL5	HLA-A*02:01	HLA-A*02:01	WT		WT	26 +/- 2.1			0.25	-5.83	0.82	298.15	ELAGIGILTV	WT	3HG1	x-ray diffraction	3.0	0.229	0.304		1JF1					24196962	Biacore T100	CM5	ELAGIGILTV-HLA-A*02:01	indirect	MEL5 WT	3HG1
ILAa1b1	HLA-A*02:01	HLA-A*02:01	WT		WT	0.002+/-0.001	80000	0.00016		-11.06		298.15	ILAKFLHWL	WT	4MNQ	x-ray diffraction	2.74	0.218	0.284							24196962	Biacore T100	CM5	ILAKFLHWL-HLA-A*02:01	indirect	ILAa1b1 WT	4MNQ
H27-14	HLA-A*24:02	HLA-A*24:02	WT		WT	9.7+/- 0.7	31000	0.26	1	-6.84		298.15	RYPLTFGWCF	WT	3VXR	x-ray diffraction	2.4	0.201	0.242		3VXN					24192765	Biacore 2000	SA	RYPLTFGWCF-HLA-A*24:02	indirect	H27-14 WT	3VXR
H27-14	HLA-A*24:02	HLA-A*24:02	WT		WT	64.8+/-3.4			0.15	-5.71	1.12	298.15	RYPLTLGWCF	F6L	3VXS	x-ray diffraction	1.8	0.203		3VXR	3VXP					24192765	Biacore 2000	SA	RYPLTLGWCF-HLA-A*24:02	indirect	H27-14 WT	3VXS
T36-5	HLA-A*24:02	HLA-A*24:02	WT		WT	1.6+/-0.3	89000	0.1	30.44	-7.91	-2.02	298.15	RFPLTFGWCF	WT	3VXU	x-ray diffraction	2.7	0.272	0.323		3VXO					24192765	Biacore 2000	SA	RFPLTFGWCF-HLA-A*24:02	indirect	T36-5 WT	3VXU
C1-28	HLA-A*24:02	HLA-A*24:02	WT		WT	21.1+/-0.6			1.78	-6.38	-0.34	298.15	RFPLTFGWCF	WT	3VXM	x-ray diffraction	2.5	0.212	0.267		3VXO					24192765	Biacore 2000	SA	RFPLTFGWCF-HLA-A*24:02	indirect	C1-28 WT	3VXM
SP3.4	HLA-DQA1*03:01 | HLA-DQB1*03:02	HLA-DQA1*03:01 | HLA-DQB1*03:02	WT		WT	11.4+/-.06			1	-6.74		298.15	EGSFQPSQE	WT	4GG6	x-ray diffraction	3.2	0.248	0.285							23063329	Biacore 3000	CAP	EGSFQPSQE-HLA-DQA1*03:01 | HLA-DQB1*03:02	indirect	SP3.4 WT	4GG6
S13	HLA-DQA1*03:01 | HLA-DQB1*03:02	HLA-DQA1*03:01 | HLA-DQB1*03:02	WT		WT	1.05+/-0.1				-8.16		298.15	EGSFQPSQE	WT	4Z7U	x-ray diffraction	2.7	0.18	0.22							23063329	Biacore 3000	CAP	EGSFQPSQE-HLA-DQA1*03:01 | HLA-DQB1*03:02	indirect	S13 WT	4Z7U
L3-12	HLA-DQA1*03:01 | HLA-DQB1*03:02	HLA-DQA1*03:01 | HLA-DQB1*03:02	WT		WT	7.0+/-0.5				-7.03		298.15	EGSFQPSQE	WT	4Z7V	x-ray diffraction	2.65	0.189	0.226							23063329	Biacore 3000	CAP	EGSFQPSQE-HLA-DQA1*03:01 | HLA-DQB1*03:02	indirect	L3-12 WT	4Z7V
ANi2.3	HLA-DRA*01:01 | HLA-DRB3*0301	HLA-DRA*01:01 | HLA-DRB3*03:01	WT		WT	38.3+/-2.9	13000	0.5	1	-6.02		298.15	HIRCNIPKRI	WT	4H1L	x-ray diffraction	3.3	0.264	0.285		4H25					23091041	Biacore	CM5	ANi2.3 WT	direct	HIRCNIPKRI-HLA-DRA*01:01 | HLA-DRB3*0301	4H1L
CA5	HLA-B*35:08	HLA-B*35:08	WT		WT	3.75+/-0.01	508000	0.19		-7.4		298.15	LPEPLPQGQLTAY	WT	4JRX						1ZHL					23569211	Biacore 3000	CM5	CA5 WT	indirect	LPEPLPQGQLTAY-HLA-B*35:08 WT	4JRX
SB27	HLA-B*35:08	HLA-B*35:08	WT		WT	12.15+/-0.35	100500	0.11		-6.71		298.15	LPEPLPQGQLTAY	WT	2AK4						1ZHL					23569211	Biacore 3000	CM5	SB27 WT	indirect	LPEPLPQGQLTAY-HLA-B*35:08 WT	2AK4
SB47	HLA-B*35:08	HLA-B*35:08	WT		WT	25.00+/-0.28	150500	0.3		-6.28		298.15	LPEPLPQGQLTAY	WT	4JRY						1ZHL					23569211	Biacore 3000	CM5	SB47 WT	indirect	LPEPLPQGQLTAYHLA-B*35:08 WT	4JRY
SB27	HLA-B*35:08	HLA-B*35:08	WT		WT	10.4+/-1.6				-6.8		298.15	LPEPLPQGQLTAY	WT	2AK4						1ZHL					23569211	Biacore 3000	CM5	SB27 WT	indirect	LPEPLPQGQLTAY-HLA-B*35:08 WT	2AK4
SB47	HLA-B*35:08	HLA-B*35:08	WT		WT	22.3+/-1.6				-6.35		298.15	LPEPLPQGQLTAY	WT	4JRY											23569211	Biacore 3000	CM5	SB47 WT	indirect	LPEPLPQGQLTAY-HLA-B*35:08 WT	4JRY
3B	HLA-B*51:01	HLA-B*51:01	WT		WT	81.8+/-3				-5.58		298.15	TAFTIPSI	WT	4MJI	x-ray diffraction	2.99	0.245	0.304		1.00E+28					24600035	Biacore 3000	CM5	TAFTIPSI-HLA-B*51:01	direct	3B WT	4MJI
S2	HLA-DQA1*05:01 | HLA-DQB1*02:01	HLA-DQA1*05:01 | HLA-DQB1*02:01	WT		WT	70+/-7.5				-5.67		298.15	PFPQPELPY	WT	4OZI	x-ray diffraction	3.2	0.214	0.243							24777060	Biacore 3000	CAP	PFPQPELPY-HLA-DQA1*05:01 | HLA-DQB1*02:01	indirect	S2 WT	4OZI
S16	HLA-DQA1*05:01 | HLA-DQB1*02:01	HLA-DQA1*05:01 | HLA-DQB1*02:01	WT		WT	24.8+/-2.0				-6.28		298.15	PQPELPYPQ	WT	4OZH	x-ray diffraction	2.8	0.227	0.243							24777060	Biacore 3000	CAP	PQPELPYPQ-HLA-DQA1*05:01 | HLA-DQB1*02:02	indirect	S16 WT	4OZH
JR5.1	HLA-DQA1*05:01 | HLA-DQB1*02:01	HLA-DQA1*05:01 | HLA-DQB1*02:01	WT		WT	79.4+/-2.9				-5.59		298.15	PQPELPYPQ	WT	4OZF	x-ray diffraction	2.7	0.186	0.238							24777060	Biacore 3000	CAP	PQPELPYPQ-HLA-DQA1*05:01 | HLA-DQB1*02:01	indirect	JR5.1 WT	4OZF
D2	HLA-DQA1*05:01 | HLA-DQB1*02:01	HLA-DQA1*05:01 | HLA-DQB1*02:01	WT		WT	15.8+/-0.4				-6.55		298.15	PQPELPYPQ	WT	4OZG	x-ray diffraction	3.0	0.205	0.241							24777060	Biacore 3000	CAP	PQPELPYPQ-HLA-DQA1*05:01 | HLA-DQB1*02:00	indirect	D2 WT	4OZG
TK3	HLA-B*35:08	HLA-B*35:08	WT		WT	93.2+/-2.8				-5.5		298.15	HPVGEADYFEY	WT	4PRI	x-ray diffraction	2.4	0.213	0.261		2FZ3					24759101	Biacore 3000	CM5	TK3 WT	indirect	HPVGEADYFEY-HLA-B*35:08	4PRI
TK3	HLA-B*35:08	HLA-B*35:08	WT		WT	25.4+/-8.1			3.67	-6.27	-0.77	298.15	HPVGDADYFEY	E5D	4PRH	x-ray diffraction	2.5	0.214	0.253	4PRI	4PRD					24759101	Biacore 3000	CM5	TK3 WT	indirect	HPVGDADYFEY-HLA-B*35:08	4PRH
MEL5	HLA-A*02:01	HLA-A*02:01	WT		WT	6.4+/-0.2				-7.08		298.0	EAAGIGILTV	WT	4QOK	x-ray diffraction	3.0	0.206	0.262		2GT9					25471691	Biacore T100	CM5	EAAGIGILTV-HLA-A*02:01	indirect	MEL5 WT	4QOK
MEL5	HLA-A*02:01	HLA-A*02:01	WT		WT	17+/-0.04			0.38	-6.51	2.63	298.0	ELAGIGILTV	WT	3HG1	x-ray diffraction	3.0	0.229	0.304		1JF1					25471691	Biacore T100	CM5	ELAGIGILTV-HLA-A*02:01	indirect	MEL5 WT	3HG1
DD31	HLA-B*08:01	HLA-B*08:01	WT		WT	2.48+/-0.11	215000	0.34		-7.65		298.15	HSKKKCDEL	WT	4QRP	x-ray diffraction	2.9	0.209	0.248		4QRQ					25355921	Biacore 3000	CM5	DD31 WT	indirect	HSKKKCDEL-HLA-B*08:01	4QRP
C12C	HLA-B*27:05	HLA-B*27:05	WT		WT	4.58+/-.11				-7.28		298.15	KRWIILGLNK	WT	4G8G	x-ray diffraction	1.9	0.19	0.238		4G9D					23521884	Biacore 3000	CM5	KRWIILGLNK-HLA-B*27:05	indirect	C12C WT	4G8G
C12C	HLA-B*27:05	HLA-B*27:05	WT		WT	1.10+/-0.05			4.16	-8.13	-0.84	298.15	KRWIIMGLNK	L6M	4G9F	x-ray diffraction	2.4	0.182	0.257	4G8G	4G8I					23521884	Biacore 3000	CM5	KRWIIMGLNK-HLA-B*27:05	indirect	C12C WT	4G9F
1G4	HLA-A*02:01	HLA-A*02:01	WT		WT	15	n.d.	n.d.		-6.58		298.15	SLLMWITQC	WT	2F54	x-ray diffraction	2.7	0.225	0.286		1S9W		WT			16600963	Biacore 3000	CM5	SLLMWITQC-HLA-A*02:01	indirect	1G4 WT	2F54
1G4	HLA-A*02:01	HLA-A*02:01	WT		Q50P | S51F | S52W | G49S | A50V | I52M	0.001	180000	0.00024	15,000.00	-12.28	-5.7	298.15	SLLMWITQC	WT	2F53	x-ray diffraction	2.1	0.169	0.231	2F54	1S9W	A | A | A | B | B | B	CDR2 | CDR2 | CDR2 | CDR2 | CDR2 | CDR2	IQSSQRE | IQSSQRE | IQSSQRE | SVGAGI | SVGAGI | SVGAGI	D | D | D | E | E | E	16600963	Biacore 3000	CM5	SLLMWITQC-HLA-A*02:01	indirect	1G4 Q50P | S51F | S52W | G49S | A50V | I52M	2F53
1G4	HLA-A*02:01	HLA-A*02:01	WT		Q51T | S52P | S53W | T95L | S96L | G97D | S99T | G50A | A51I | G52Q | I53T | V95L	0.000048	570000	0.0000272	666,666.67	-14.08	-7.94	298.15	SLLMWITQC	WT	2P5E	x-ray diffraction	1.89	0.181	0.236	2BNR	1S9W	A | A | A | A | A | A | A | B | B | B | B | B	CDR2 | CDR2 | CDR2 | CDR3 | CDR3 | CDR3 | CDR3 | CDR2 | CDR2 | CDR2 | CDR2 | CDR3	IQSSQRE | IQSSQRE | IQSSQRE | AVRPTSGGSYIPT | AVRPTSGGSYIPT | AVRPTSGGSYIPT | AVRPTSGGSYIPT | SVGAGI | SVGAGI | SVGAGI | SVGAGI | ASSYVGNTGELF	D | D | D | D | D | D | D | E | E | E | E | E	17644531	Biacore 3000	CM5	SLLMWITQC-HLA-A*02:01	indirect	1G4 Q50T | S51P | S52W | T95L | S96L | G97D | S99T | G49A | A50I | G51Q | I52T | V94L	2P5E
1G4	HLA-A*02:01	HLA-A*02:01	WT		Q51T | S52P | S53W | G50S | A51V | I53M | T95L | S96L | G97D | S99T | V95L	n.d.	n.d.	0.000033				298.15	SLLMWITQC	WT	2P5W	x-ray diffraction	2.2	1.69	0.245	2BNR	1S9W	A | A | A | B | B | B | A | A | A | A | B	CDR2 | CDR2 | CDR2 | CDR3 | CDR3 | CDR3 | CDR2 | CDR2 | CDR2 | CDR2 | CDR3	IQSSQRE | IQSSQRE | IQSSQRE | AVRPTSGGSYIPT | AVRPTSGGSYIPT | AVRPTSGGSYIPT | AVRPTSGGSYIPT | SVGAGI | SVGAGI | SVGAGI | SVGAGI | ASSYVGNTGELF	D | D | D | E | E | E | D | D | D | D | E	17644531	Biacore 3000	CM5	SLLMWITQC-HLA-A*02:01	indirect	1G4 Q50T | S51P | S52W | G49S | A50V | I52M | T95L | S96L | G97D | S99T | V94L	2P5W
1G4	HLA-A*02:01	HLA-A*02:01	WT		WT	32	4010	0.13		-6.13		298.15	SLLMWITQC	WT	2BNR	x-ray diffraction	1.9	0.231			1S9W					17644531	Biacore 3000	CM5	SLLMWITQC-HLA-A*02:01	indirect	1G4 WT	2BNR
CF34	HLA-B*08:01	HLA-B*08:01	WT		WT	8.89+/-1.31	7630	0.18		-6.89		298.15	FLRGRAYGL	WT	3FFC	x-ray diffraction	2.8	0.223	0.286							19167249	Biacore 3000	CM5	CF34 WT	indirect	FLRGRAYGL-HLA-B*08:01	3FFC
LC13	HLA-B*08:01	HLA-B*08:01	WT		WT	15.07+/-1.67	30950	0.56		-6.58		298.15	FLRGRAYGL	WT	1MI5	x-ray diffraction 2.5 0.266 0.288	2.5	0.266	0.288							19167249	Biacore 3000	CM5	LC13 WT	indirect	FLRGRAYGL-HLA-B*08:01	1MI5
SB27	HLA-B*35:08	HLA-B*35:08	WT		WT	9.85+/-0.98	9300	0.125		-6.83		298.15	LPEPLPQGQLTAY	WT	2AK4	x-ray diffraction	2.5	0.247	0.278		1ZHL					15849183	Biacore 3000	CM5	SB27 WT	indirect	LPEPLPQGQLTAY-HLA-B*35:08	2AK4
1G4	HLA-A*02:01	HLA-A*02:01	WT		WT	9.3	34000	0.31		-6.86		298.15	SLLMWITQC	WT	2BNR	x-ray diffraction	1.9	0.231			1S9W					18424733	Biacore	CM5	SLLMWITQC-HLA-A*02:01	indirect	1G4 WT	2BNR
T316	HLA-DQA1*03:01 | HLA-DQB1*03:02	HLA-DQA1*03:01 | HLA-DQB1*03:02	WT		WT	2.1+/-0.1				-7.75		298.15	SGEGSFQPSQENP	WT	4Z7W	x-ray diffraction	2.89	0.229	0.247							25948817	Biacore 3000	CAP	HLA-DQA1*03:01 | HLA-DQB1*03:02	indirect	T316 WT	4Z7W
DMF5	HLA-A*02:01	HLA-A*02:01	WT		WT	11+/-1.0				-6.76		298.15	ELAGIGILTV	WT	3QDG	x-ray diffraction	2.69	0.221	0.278		1JF1					22611242	Biacore 3000	CM5	DMF5 WT	direct	ELAGIGILTV-HLA-A*02:01	3QDG
DMF5	HLA-A*02:01	HLA-A*02:01	WT		D26Y | L98W	.043+/-.007			255.81	-10.05	-3.28	298.15	ELAGIGILTV	WT	4L3E	x-ray diffraction	2.56	0.231	0.266	3QDG	1JF1	A | B	CDR1 | CDR3	DRGSQS | ASSLSFGTEAF	D | E	22611242	Biacore 3000	CM5	DMF5 D26Y | L98W	direct	ELAGIGILTV-HLA-A*02:01	4L3E
DMF5	HLA-A*02:01	HLA-A*02:01	WT		WT	68+/-0.4				-5.65		298.15	AAGIGILTV	WT	3QDJ	x-ray diffraction	0.23	0.243	0.299		2GUO					21937447	Biacore 3000	CM5	DMF5 WT	direct	AAGIGILTV-HLA-A*02:01	3QDJ
1G4	HLA-A*02:01	HLA-A*02:01	WT		WT	32	40000	0.128		-6.13		298.15	SLLMWITQC	WT	2BNR	x-ray diffraction	1.9	0.231			1S9W					15723046	Biacore		SLLMWITQC-HLA-A*02:01	indirect	1G4 WT	2BNR
DMF5	HLA-A*02:01	HLA-A*02:01	WT		WT	9.5				-6.85		298.15	ELAGIGILTV	WT	3QDG	x-ray diffraction	2.69	0.221	0.278		1JF1					24550723	Biacore 3000	CM5	DMF5 WT	direct	ELAGIGILTV-HLA-A*02:01	3QDG
DMF5	HLA-A*02:01	HLA-A*02:01	WT		D26Y | L98W	0.024			395.83	-10.39		298.15	ELAGIGILTV	WT	4L3E	x-ray diffraction	2.56	0.231	0.266	3QDG	1JF1	A | B	CDR1 | CDR3	DRGSQS | ASSLSFGTEAF	D | E	24550723	Biacore 3000	CM5	DMF5 D26Y | L98W	direct	ELAGIGILTV-HLA-A*02:01	4L3E
DMF5	HLA-A*02:01	HLA-A*02:01	WT		WT	43				-5.96		298.15	AAGIGILTV	WT	3QDJ	x-ray diffraction	2.3	0.243	0.299		2GUO					24550723	Biacore 3000	CM5	DMF5 WT	direct	AAGIGILTV-HLA-A*02:01	3QDJ
B7	HLA-A*02:01	HLA-A*02:01	WT		WT	1.35+/-0.04	96000	0.1		-8.01		298.15	LLFGYPVYV	WT	1BD2	x-ray diffraction	2.5	0.238	0.312		1DUZ					15670602	Biacore 3000	CM5	B7 WT	direct	LLFGYPVYV-HLA-A*02:01	1BD2
AHIII 12.2	HLA-A*02:01	HLA-A*02:02	WT		WT	11.3	26200	0.295		-6.75		298.15	ALWGFFPVL	WT	1LP9	x-ray diffraction	2.0	0.221	0.253		1B0G					12496422	Biacore 3000	CM5	AHIII 12.2 WT		ALWGFFPVL-HLA-A*02:01	1LP9
C25	HLA-A*02:01	HLA-A*02:02	WT		WT	4.7				-7.27		298.15	NLVPMVATV	WT	5D2N	x-ray diffraction	2.1	0.205	0.253							26429912	Biacore T100	SA	NLVPMVATV-HLA-A*02:01	indirect	C25 WT	5D2N
C7	HLA-A*02:01	HLA-A*02:02	WT		WT	5.1				-7.22		298.15	NLVPMVATV	WT	5D2L	x-ray diffraction	3.51	0.274	0.355							26429912	Biacore T100	SA	NLVPMVATV-HLA-A*02:01	indirect	C7 WT	5D2L
BM3.3	H-2Kb	H-2Kb	WT		WT	2.6				-7.62		298.15	INFDFNTI	WT	1FO0	x-ray diffraction	2.5	0.218	0.276							11017099	Biacore 2000	CM5	INFDFNTI-H-2Kb	indirect	BM3.3 WT	1FO0
BM3.3	H-2Kbm8	H-2Kbm8	WT		WT	112	92000	10.3		-5.5		298.15	SQYYYNSL	WT	2OL3	x-ray diffraction	2.9	0.227	0.284							17363906	Biacore	CM5	SQYYYNSL-H-2Kbm8	indirect	BM3.3 WT	2OL3
BM3.3	H-2Kb	H-2Kb	WT		WT	3.6	280000	1.1		-7.5		298.15	INFDFNTI	WT	1FO0	x-ray diffraction	2.5	0.218	0.276							17363906	Biacore	CM5	INFDFNTI-H-2Kb	indirect	BM3.3 WT	1FO0
BM3.3	H-2Kb	H-2Kb	WT		WT	114				-5.38		298.15	RGYVYQGL	WT	1NAM	x-ray diffraction	2.7	0.237	0.298							12563259	Biacore 2000	CM5	RGYVYQGL-H-2kb	indirect	BM3.3 WT	1NAM
2C	H-2Kb	H-2Kb (MH1-K1B)	WT		WT	31.9+/-6.2	2350	7.5		-6.13		298.15	SIYRYYGL	WT	1G6R	x-ray diffraction	2.8	0.298	0.327							10755612	Biacore 2000	CM5	2C WT	direct	SIYRYYGL-H-2KB	1G6R
2C	H-2Kb	H-2Kb	WT		WT	84.1+/-12.0	2200	18.5		-5.56		298.15	EQYKFYSV	WT	1MWA	x-ray diffraction	2.4	0.285	0.313							10755612	Biacore 2000	CM5	2C WT	direct	EQYKFYSV-H-2KB	1MWA
2Cm67	H-2Ld	H-2Ld	WT		WT	4.6	45000	0.285		-7.28		298.15	QLSPFPFDL	WT	3E2H	x-ray diffraction	3.8	0.223	0.276							18941216	Biacore 3000	CM5	QLSPFPFDL-H-2Ld	indirect	2Cm67 WT	3E2H
2Cm13	H-2Ld	H-2Ld	WT		WT	0.116	357000	0.04		-9.46		298.15	QLSPFPFDL	WT	3E3Q	x-ray diffraction	2.95	0.25	0.275							18941216	Biacore 3000	CM5	QLSPFPFDL-H-2Ld	indirect	2Cm13 WT	3E3Q
2B4	I-Ek	I-Ek	WT		WT	13.7	2540	0.032		-6.63		298.15	ADLIAYLKQATKG	WT	3QIB	x-ray diffraction	2.7	0.222	0.246							21490152	Biacore		ADLIAYLKQATKG-I-Ek	indirect	2B4 WT	3QIB
226	I-Ek	I-Ek	WT		WT	0.321	9056	0.0029		-8.86		298.15	ADLIAYLKQATKG	WT	3QIU	x-ray diffraction	2.7	0.217	0.254							21490152	Biacore		ADLIAYLKQATKG-I-Ek	indirect	226 WT	3QIU
226	I-Ek	I-Ek	WT		WT	500						298.15	ADLIAYLEQATKG	K9E	3QIW	x-ray diffraction	3.3	0.215	0.367	3QIU						21490152	Biacore		ADLIAYLEQATKG-I-Ek	indirect	226 WT	3QIW
YAe62	H-2Kb	H-2Kb	WT		WT	15				-6.58		298.15	WIYVYRPMGCGGS	WT	3RGV	x-ray diffraction	2.9	0.205	0.254							21683626	Biacore	Streptavidin sensor chip	WIYVYRPM-H-2Kb	indirect	YAe62 WT	3RGV
42F3	H-2Ld	H-2Ld	WT		WT	300				-4.8		298.15	QLSPFPFDL	WT	3TF7	x-ray diffraction	2.75	0.238	0.261							22301545						3TF7
42F3	H-2Ld	H-2Ld	WT		WT	4				-7.36		298.15	SPLDSLWWI	WT	3TJH	x-ray diffraction	2.12	0.207	0.237							22301545						3TJH
42F3	H-2Ld	H-2Ld	WT		WT	48				-5.89		298.15	FLSPFWFDI	WT	3TPU	x-ray diffraction	3.1	0.232	0.258							22301545						3TPU
J809.B5	I-Ab	I-Ab	WT		WT	32				-6.13		298.15	FEAQKAKANKAVD	WT	4P23	x-ray diffraction	2.25	0.167	0.212							24813203	Biacore 3000		FEAQKAKANKAVD-IAb	indirect	J809.B5 WT	4P23
J809.B5	I-Ab	I-Ab	WT		Y31A	6			5.33	-7.12	-0.99	298.15	FEAQKAKANKAVD	WT	4P46	x-ray diffraction	2.85	0.247	0.181	4P23		A	CDR1	NSAFDY	D	24813203	Biacore 3000		FEAQKAKANKAVD-IAb	indirect	J809.B5 Y31A	4P46
14.C6	I-Ab	I-Ab	WT		WT	5				-7.23		298.15	FEAQKAKANKAVD	WT	4P5T	x-ray diffraction	3.26	0.189	0.236							24813203	Biacore 3000		FEAQKAKANKAVD-IAb	indirect	14.C6 WT	4P5T
2B4	I-Ek	I-Ek	WT		WT	5.5	4000	0.022		-7.17		298.15	ANERADLIAYLKQATK	WT	3QIB	x-ray diffraction	2.7	0.222	0.246							12152083	Biacore		ANERADLIAYLKQATK-IEk	indirect	2B4 WT	3QIB
2C	H-2Ld	H-2Ld	WT		WT	1.2				-8.08		298.15	QLSPFPFDL	WT	2OI9	x-ray diffraction	2.35	0.226	0.22							19755422	flow cytometry					2OI9
